{"cameraMode":{"drawMode":0,"name":"Shaded","section":"Shading Mode"},"sceneLighting":false,"audioPlay":false,"sceneViewState":{"showFog":false,"showMaterialUpdate":false,"showSkybox":false,"showFlares":false,"showImageEffects":false,"showParticleSystems":false},"in2DMode":false,"pivot":{"x":-0.45451807975769045,"y":0.25000011920928957,"z":-0.6533980369567871},"rotation":{"x":0.3533952534198761,"y":0.03731750324368477,"z":-0.014110167510807515,"w":0.9346230626106262},"size":5.9296064376831059,"orthographic":false}