{"cameraMode":{"drawMode":0,"name":"Shaded","section":"Shading Mode"},"sceneLighting":false,"audioPlay":false,"sceneViewState":{"showFog":false,"showMaterialUpdate":false,"showSkybox":false,"showFlares":false,"showImageEffects":false,"showParticleSystems":false},"in2DMode":false,"pivot":{"x":1049.5999755859375,"y":534.7000732421875,"z":0.0},"rotation":{"x":0.09105025231838227,"y":-0.08355022966861725,"z":0.007666252087801695,"w":0.9923056960105896},"size":268.6005554199219,"orthographic":false}