{"cameraMode":{"drawMode":0,"name":"Shaded","section":"Shading Mode"},"sceneLighting":true,"audioPlay":false,"sceneViewState":{"showFog":false,"showMaterialUpdate":false,"showSkybox":false,"showFlares":false,"showImageEffects":false,"showParticleSystems":false},"in2DMode":false,"pivot":{"x":1.4160040616989136,"y":1.2259083986282349,"z":2.30788516998291},"rotation":{"x":0.22093993425369264,"y":-0.7668710947036743,"z":0.34108465909957888,"w":0.4967450201511383},"size":12.29663372039795,"orthographic":false}